Order_ID,Date,Customer_Name,Product_Category,Quantity_Sold,Unit_Price,Total_Sales
ORD5637,31/12/2024,null Smith,Beverages,8,321.71,2573.68
ORD2257,"Mar 29, 2025",Amit null,Furniture,4,238.0,952.0
ORD7272,09-15-24,null Brown,Stationery,6,,
ORD5640,2024-02-04,,Stationery,12,14.96,179.52
ORD2816,2024-07-01,Sneha Smith,Furniture,14,278.89,3904.46
,"Jul 18, 2024",null Lee,Stationery,11,231.47,2546.17
ORD7841,2024-06-12,Priya Patel,Beveragess,11,208.98,2298.78
ORD4011,"Oct 30, 2025",Sara Patel,Food,6,451.64,2709.84
ORD6868,02/03/2025,Sneha null,Furniture,13,172.06,2236.78
ORD5183,"Sep 05, 2024",Sara Kumar,Food,11,471.15,5182.65
ORD5885,,Michael Lee,,NA,345.67,
ORD6726,20/09/2025,Sneha Brown,Electronics,7,470.01,3290.07
ORD2929,2024-08-06,Amit Patel,Clothing,7,80.69,564.83
ORD9087,13/02/2024,John Smith,Furniture,3,76.08,228.24
ORD7339,2024-06-21,Ravi Johnson,Beverages,20,207.0,4140.0
,"Nov 10, 2024",Priya Johnson,Stationery,7,N/A,null
ORD5955,23/05/2024,null Brown,Furniture,19,276.07,5245.33
ORD1222,02-16-25,Sneha Smith,Clothing,12,242.75,2913.0
,2024-03-05,Sara Kumar,Stationery,5,228.83,1144.15
ORD4325,2024-12-13,Sneha Patel,Clothing,17,273.6,4651.2
ORD7266,"Jul 23, 2024",Michael Smith,Stationery,4,249.69,998.76
ORD2007,07-26-24,Michael Smith,Electronics,5,224.43,1122.15
ORD1108,"Nov 03, 2025",Priya Kumar,Beverages,5,419.31,2096.55
ORD3147,11-28-25,null Sharma,Clothing,4,370.2,1480.8
ORD2745,"Dec 27, 2024",null Lee,Electronics,2,195.97,391.94
ORD4924,21/12/2024,Ravi Lee,Food,20,165.73,3314.6
ORD5231,04-04-25,Priya Lee,Furniture,14,191.19,2676.66
ORD5908,07-12-24,Sara Brown,Clothing,2,320.18,640.36
ORD3074,05-30-24,null Smith,Clothing,18,259.15,4664.7
ORD8645,01-12-24,Ravi Johnson,Clothing,6,189.74,1138.44
ORD8669,04-07-24,Chris Sharma,Furniture,17,295.43,5022.31
ORD8728,"Nov 28, 2024",Sneha Patel,Beverages,5,497.63,2488.15
ORD4911,2024-01-18,Sara Kumar,Food,13,297.8,3871.4
ORD7922,03/12/2024,Michael Smith,Electronics,3,412.28,1236.84
ORD3584,04/10/2025,Priya Patel,,4,66.18,264.72
,15/02/2024,john lee,Furniture,15,461.65,6924.75
ORD8994,2025-05-15,Priya Lee,Furniture,16,433.39,6934.24
ORD1907,"May 27, 2024",Amit Johnson,Beverages,10,109.64,1096.4
ORD7821,2024-05-23,Sara Patel,Beverages,3,93.75,281.25
ORD4168,05-26-25,Priya Sharma,Electronics,19,56.79,1618.51
ORD7705,"Jul 12, 2024",null Kumar,Furniture,9,196.76,1770.84
ORD4843,05-15-25,Priya Lee,Stationery,2,28.82,57.64
ORD6466,02/02/2025,Sara Kumar,Stationery,18,396.66,7139.88
ORD4429,03-09-25,Amit Smith,Stationery,14,220.5,3087.0
ORD9900,2024-03-12,Sara Sharma,Beverages,14,206.76,4341.96
NA,,Sara Smith,Food,6,371.07,2226.42
ORD7500,02-06-25,Ravi Sharma,Clothing,6,367.75,2206.5
ORD6843,11-14-24,Priya Sharma,Food,11,199.56,2195.16
ORD1836,2024-09-15,John Kumar,Clothing,17,293.51,4989.67
ORD7072,"Dec 25, 2025",michael lee,Beverages,9,179.98,1619.82
ORD4367,2025-05-30,null Smith,Furniture,NA,252.93,null
NA,09-19-24,John null,Electronics,6,143.9,863.4
,2024-07-01,null null,Furnitures,12,480.31,5763.72
ORD1499,"Jul 29, 2024",Chris Lee,Furniture,13,171.75,2232.75
ORD1723,"Nov 06, 2025",Michael null,Beverages,19,479.25,9105.75
ORD4681,2025-03-15,Chris Sharma,Electronics,9,133.95,1205.55
ORD2585,"Sep 19, 2025",Sara Lee,Electronicss,7,279.13,1953.91
ORD5171,06/03/2024,Sara Lee,Clothing,13,35.24,458.12
ORD8080,2024-01-02,Nina null,Beverages,3,163.25,489.75
ORD8009,10-25-25,Ravi null,Electronics,16,192.79,3084.64
ORD2502,12/05/2025,Ravi Patel,Electronics,20,226.33,4526.6
ORD3141,"Aug 04, 2025",,Beverages,8,187.5,1500.0
ORD8358,"May 18, 2025",Ravi Sharma,Clothing,17,305.26,5189.42
,"Jan 05, 2024",Michael Smith,stationery,9,200.08,1800.72
ORD5736,2024-12-12,Amit Brown,Electronics,17,129.31,2198.27
ORD5578,27/07/2025,Amit Kumar,Food,6,23.78,142.68
ORD2345,"Mar 10, 2024",Sara Lee,Electronics,13,45.7,594.1
ORD3247,09/11/2025,Sneha Lee,Furniture,1,281.17,281.17
ORD9921,11/06/2024,Sneha Brown,Stationery,16,467.94,7487.04
ORD3379,"May 14, 2024",Michael Johnson,Food,12,N/A,
ORD4271,03/08/2025,Sneha Lee,Clothing,8,394.23,3153.84
ORD8488,08-01-24,Sara Sharma,Food,6,439.07,2634.42
ORD8390,10-30-24,Priya Lee,Furniture,3,8.45,25.35
ORD6520,09-09-24,Chris Brown,Beverages,20,386.9,7738.0
ORD7193,2024-05-06,Michael Johnson,Food,7,204.51,715.78
ORD7861,"Mar 18, 2025",Sara Patel,Stationery,8,343.06,2744.48
ORD2147,26/08/2025,Chris Sharma,Furniture,8,110.65,885.2
ORD7831,03/04/2024,Chris Kumar,Clothing,2,168.62,337.24
ORD4921,08-01-25,Sneha Johnson,Electronics,8,189.82,1518.56
ORD4393,24/01/2025,Michael Smith,Clothing,5,150.05,750.25
ORD7619,"May 17, 2024",Chris Smith,Stationery,15,478.11,7171.65
ORD2703,"Aug 21, 2024",John Sharma,Clothing,13,120.7,1569.1
ORD8474,2025-04-08,null Johnson,Food,5,73.54,367.7
ORD5946,,Amit Brown,Stationery,7,330.58,2314.06
ORD7258,12/01/2024,Ravi Sharma,Electronics,2,39.12,117.36
ORD9909,29/07/2024,Sara Patel,Clothing,13,307.3,3994.9
ORD5908,09-06-25,Sara Brown,Food,3,166.51,499.53
ORD1226,"Feb 24, 2024",Sara null,Electronics,20,66.15,1323.0
ORD5312,2024-08-27,Sara null,beverages,14,179.02,1253.14
ORD8010,"Jul 29, 2024",Sara Patel,Electronics,20,fifty,
ORD3326,2025-12-02,Chris Brown,Stationery,3,409.77,1229.31
NA,"Aug 16, 2025",Michael Johnson,Electronics,6,207.98,1247.88
ORD7557,11-17-25,Ravi Kumar,Clothing,3,374.48,1123.44
ORD6237,"Dec 27, 2024",Sneha null,Clothing,17,211.91,3602.47
ORD3860,07/09/2025,Ravi Johnson,Beverages,5,258.93,1294.65
ORD7192,03-03-24,Michael Johnson,Electronics,19,395.0,7505.0
ORD6397,2024-06-11,Chris Brown,Electronics,12,383.34,4600.08
ORD3728,2024-06-11,Chris Smith,Beverages,8,13.9,111.2
ORD5765,14/06/2025,Nina Sharma,Stationery,15,93.37,1400.55
ORD8999,2024-07-29,Amit Smith,Clothing,4,137.75,551.0
ORD5284,NA,Michael Kumar,Electronics,17,387.44,6586.48
ORD9494,07-25-24,Nina Lee,Clothing,9,165.95,1493.55
ORD2047,02/11/2025,John null,Electronics,15,349.6,5244.0
ORD1991,2025-07-02,Nina Kumar,Beverages,4,491.16,1964.64
ORD1505,07-11-24,Chris null,Food,7,38.79,271.53
ORD8150,"Mar 08, 2024",Amit Smith,Electronics,12,8.27,99.24
ORD3377,21/08/2024,Amit Lee,Furniture,6,136.12,816.72
ORD2689,2024-12-05,Michael Sharma,Electronics,14,74.25,1039.5
NA,NA,Priya Kumar,Clothing,4,268.08,1072.32
ORD3207,21/03/2024,Michael Lee,Furniture,7,461.83,3232.81
ORD1291,31/07/2024,,Beverages,13,118.69,1542.97
ORD4824,"Jun 29, 2025",Chris Brown,Food,15,278.74,4181.1
ORD9150,,Sara Johnson,Beverages,8,fifty,
ORD6048,"Oct 30, 2025",Chris Brown,Stationery,2,109.12,218.24
ORD7087,06/07/2024,Priya Patel,Clothing,20,162.98,3259.6
ORD4414,02-23-24,Priya Patel,,17,265.31,4510.27
ORD5405,"Dec 11, 2025",Priya Smith,Stationery,3,418.96,1256.88
ORD9025,2025-09-11,null Smith,Food,1,484.38,484.38
ORD9200,14/04/2024,Nina null,Beverages,9,292.46,2632.14
ORD4073,12-11-24,Amit Smith,Beverages,19,39.08,742.52
ORD1987,2024-12-22,Nina Sharma,Food,15,391.41,5871.15
ORD4560,"May 28, 2025",Michael Sharma,Furniture,11,297.19,3269.09
ORD6085,17/05/2025,Sara Smith,clothing,18,80.77,1453.86
ORD2916,"Dec 15, 2025",Sneha Johnson,Food,4,497.14,1988.56
ORD3591,01/10/2025,Nina Sharma,Beverages,20,139.99,2799.8
ORD2692,10-23-25,Amit Kumar,Electronics,14,447.51,6265.14
ORD7570,2024-10-02,John Sharma,Clothing,9,269.23,1211.54
ORD7336,"Jul 08, 2024",Sneha Kumar,Stationery,12,179.64,2155.68
ORD9851,04-05-25,John Brown,Clothing,9,320.22,1440.99
ORD2006,"Nov 30, 2024",Nina Sharma,Furniture,9,121.39,1092.51
ORD8249,2024-04-10,John Sharma,Beverages,20,14.06,281.2
ORD4307,2025-05-22,Nina Sharma,Stationerys,7,442.0,3094.0
ORD9423,12-22-25,Priya Brown,Clothings,20,167.67,3353.4
ORD6118,"Oct 05, 2024",Nina Kumar,Foods,7,170.2,1191.4
ORD1550,"Nov 07, 2024",Priya Sharma,Food,1,59.14,59.14
ORD2603,20/01/2025,Priya Lee,Beverages,10,,
ORD2789,"Jul 18, 2025",nina kumar,Beverages,3,126.92,380.76
ORD4846,07/05/2024,null Brown,,6,455.07,2730.42
ORD9873,2024-11-27,Chris Kumar,Furniture,13,173.2,2251.6
ORD6009,2025-02-07,Sara Lee,Beverages,16,450.59,7209.44
ORD8553,"May 25, 2025",michael patel,Electronics,19,N/A,
ORD9942,05-12-24,Sara Patel,Beverages,7,199.69,1397.83
ORD6153,14/06/2024,null Lee,Electronics,1,11.08,11.08
ORD2882,30/09/2025,,food,8,213.42,1707.36
ORD9228,05-29-25,Nina Smith,Food,10,13.0,130.0
ORD1793,19/08/2024,John null,Stationery,6,462.16,2772.96
ORD5115,2024-07-11,Amit Kumar,Electronics,10,35.81,358.1
ORD2971,"Mar 01, 2025",Nina null,Furniture,9,475.08,4275.72
ORD6672,05/01/2025,Priya Sharma,electronics,16,184.14,2946.24
ORD6422,14/06/2025,Amit Kumar,Stationery,1,213.06,213.06
ORD3986,2024-10-11,ravi lee,Electronics,4,219.29,877.16
ORD5298,2025-08-25,null Sharma,Stationery,19,177.26,3367.94
,,Priya Lee,Beverages,,191.7,null
ORD8846,09/01/2024,Priya Johnson,Clothing,7,32.85,229.95
ORD2940,01/03/2024,null Patel,Electronics,14,423.17,5924.38
ORD7367,,null Sharma,Beverages,14,429.9,6018.6
ORD5701,08-05-25,Nina Sharma,Food,,83.34,null
ORD8458,07-16-25,Sara Kumar,Electronics,17,364.24,6192.08
ORD6139,"Apr 22, 2025",Michael Patel,Furniture,6,438.31,3944.79
ORD7375,"Feb 20, 2024",null Kumar,Electronics,14,230.05,3220.7
ORD1503,,Priya Brown,Electronics,15,306.02,4590.3
ORD3703,05-17-24,Nina Smith,Clothing,20,398.37,11951.1
ORD3434,2024-11-30,null Smith,Furniture,7,481.52,3370.64
ORD3533,10-11-25,Michael Smith,Clothing,17,412.73,7016.41
NA,"Jun 24, 2025",John null,Food,18,121.3,2183.4
ORD5060,14/02/2024,Nina Kumar,Electronics,20,105.7,2114.0
ORD3942,2024-08-11,Michael Kumar,Beverages,3,53.8,161.4
ORD6177,2024-07-04,,Food,7,379.81,2658.67
ORD7438,15/07/2024,Amit Lee,Beveragess,4,35.09,140.36
ORD5861,"Mar 25, 2025",Sara Brown,Electronics,14,192.78,2698.92
ORD3829,07-07-25,Priya Sharma,Stationery,9,432.95,3896.55
ORD7501,17/09/2025,Sneha Kumar,Food,13,287.8,3741.4
ORD4335,"Jan 27, 2025",Nina Smith,Clothing,4,77.07,308.28
ORD6657,,null Smith,Electronics,17,111.18,1890.06
ORD7620,NA,Sneha Lee,Clothing,3,369.03,1107.09
ORD2983,2025-12-18,Amit Kumar,Food,10,19.91,199.1
ORD7945,04-19-24,Chris Sharma,Furniture,19,397.29,7548.51
ORD9113,2025-01-19,null Sharma,Furniture,12,223.68,2684.16
ORD9140,08-22-25,John Brown,Clothing,19,316.38,6011.22
ORD2265,2024-09-03,Amit Sharma,Electronics,9,56.45,254.03
ORD1057,05-08-24,Sara Patel,Stationery,15,198.38,2975.7
ORD8907,01-15-25,John Brown,Stationery,15,154.41,2316.15
ORD6489,"Mar 17, 2024",Michael Smith,Beverages,1,69.45,69.45
ORD5309,"Feb 06, 2024",null Lee,Food,16,167.45,2679.2
ORD8601,08/03/2024,Chris null,Beverages,20,23.12,462.4
ORD1605,"Jun 20, 2025",Sara Brown,Stationery,3,242.32,726.96
ORD7605,2024-12-08,,Furniture,11,317.32,3490.52
ORD5031,2024-02-05,Nina Brown,Clothing,9,121.25,1091.25
ORD2900,"Sep 16, 2025",Michael Lee,Clothing,20,91.82,1836.4
ORD9122,2024-07-05,Chris Patel,Stationery,14,251.88,3526.32
,2025-10-18,Chris null,Furniture,19,285.11,5417.09
ORD3819,13/03/2025,null Johnson,Electronics,10,426.42,4264.2
ORD4894,"Dec 20, 2025",null Kumar,Food,19,64.33,1222.27
ORD1389,07-27-24,Sara Smith,Stationery,17,159.55,2712.35
,"Aug 21, 2024",Sara Smith,Electronics,14,421.82,5905.48
ORD4114,"Sep 02, 2024",John Lee,clothing,18,494.0,8892.0
ORD1350,02-11-25,Amit Sharma,Electronics,13,333.27,4332.51
ORD8473,04/05/2025,Priya Patel,Electronics,18,77.13,1388.34
ORD6521,15/10/2024,Sara Kumar,stationery,13,275.24,5367.18
ORD2583,2025-08-29,Chris Brown,Electronics,4,107.41,214.82
ORD2497,2025-11-23,Sneha null,Electronics,9,31.35,282.15
ORD6390,2025-02-26,Sara Patel,Beverages,3,56.28,168.84
ORD9494,05-31-25,Amit Smith,Furniture,18,207.02,3726.36
ORD8198,"Nov 19, 2024",Nina Brown,Beverages,4,378.05,1512.2
ORD9703,06/01/2024,Sara Johnson,Furniture,2,231.25,462.5
ORD8441,11-16-25,Chris Kumar,Furniture,11,53.83,592.13
,"Apr 01, 2024",Michael Patel,Beverages,19,113.9,2164.1
ORD2981,2025-04-03,Ravi Kumar,Furniture,11,280.64,3087.04
ORD9955,NA,sara null,Clothing,20,422.12,12663.6
ORD3360,"Sep 25, 2025",nina johnson,Clothing,13,103.5,1345.5
ORD3040,"Feb 25, 2024",Sara Lee,Stationerys,10,53.56,535.6
ORD2705,02/03/2024,Chris Lee,Furniture,13,157.95,2053.35
ORD9418,22/12/2025,Ravi null,Stationerys,19,390.83,7425.77
ORD6436,"May 19, 2024",Sneha null,Food,12,98.39,1180.68
ORD5817,"Mar 10, 2024",John Johnson,Furniture,6,113.67,682.02
ORD3219,"Aug 09, 2024",Michael null,Clothing,13,65.45,850.85
ORD9853,"Nov 08, 2025",null Brown,Clothing,16,388.64,6218.24
ORD2989,26/12/2025,Priya Sharma,Electronics,9,257.44,2316.96
ORD6482,"Sep 20, 2025",Sneha Kumar,Stationery,8,21.96,175.68
ORD5239,"Jul 13, 2024",Chris Johnson,clothing,11,56.8,624.8
ORD8659,02-29-24,Amit Kumar,Food,20,320.78,9623.4
ORD4122,"Sep 19, 2025",null Smith,Clothing,13,288.31,3748.03
ORD8358,17/01/2025,John Lee,Food,8,339.73,2717.84
,"May 07, 2024",Chris Patel,Furniture,,66.61,
ORD4538,09/01/2024,Sneha Lee,Electronicss,6,216.29,1297.74
ORD5663,11-30-24,Amit Kumar,Stationery,8,499.68,3997.44
NA,02-20-24,null Johnson,Clothing,9,449.92,4049.28
,2025-09-09,nina sharma,Electronics,12,173.21,2078.52
ORD4676,2025-07-14,Ravi null,Clothing,12,480.96,5771.52
ORD2735,2025-09-16,john johnson,beverages,7,431.77,3022.39
ORD3419,2024-02-16,John Johnson,Clothing,19,304.73,5789.87
ORD6227,06-14-25,Priya Kumar,Beverages,5,327.29,1636.45
ORD4535,09-18-25,Priya Sharma,clothing,18,408.19,7347.42
ORD2700,10/05/2024,Chris Lee,Clothing,13,48.71,633.23
ORD8755,05/09/2025,Sneha Johnson,Food,7,208.02,1456.14
ORD7301,2024-12-23,John null,Beverages,8,93.17,745.36
ORD9590,05-16-25,Nina null,Beverages,18,377.98,6803.64
ORD8393,2024-02-22,,food,,233.81,
ORD7732,05/08/2025,Sara Lee,Furniture,16,116.18,1858.88
ORD3556,"Jun 21, 2025",null Lee,Beverages,15,326.28,4894.2
ORD2394,"Jan 08, 2024",John Johnson,Stationery,-5,N/A,null
ORD5334,"Aug 23, 2024",John Smith,Food,17,254.85,4332.45
ORD4653,24/02/2025,Michael Patel,Clothing,11,16.23,178.53
ORD9863,2024-10-23,Chris null,Clothing,-5,281.01,-1405.05
ORD9968,03-07-25,Priya Brown,Food,19,483.18,9180.42
ORD1580,2024-08-02,Sara Patel,Food,17,273.55,4650.35
ORD2424,2024-12-20,null Johnson,Electronics,14,295.62,4138.68
ORD1047,2025-09-07,Nina Brown,Furniture,5,72.64,363.2
ORD9591,20/12/2024,John Kumar,Electronics,5,7.69,38.45
ORD3104,2025-02-10,Sara null,Beverages,15,443.15,6647.25
ORD4223,2024-12-30,John Smith,Clothing,2,208.52,417.04
ORD7873,15/07/2025,chris lee,Stationery,19,171.28,3254.32
ORD3154,06-05-25,null Patel,Food,1,362.5,362.5
ORD8953,11-09-24,null Kumar,Food,1,325.66,325.66
ORD3895,07-24-24,Nina Brown,Food,14,304.92,4268.88
ORD6240,08-18-25,null Sharma,Furniture,3,222.91,668.73
NA,2025-06-07,Amit Smith,Stationery,9,254.25,2288.25
ORD3230,"Feb 10, 2024",null null,Furniture,15,232.12,3481.8
ORD5209,02/01/2024,John null,Food,5,128.58,642.9
ORD8098,"Dec 11, 2024",Michael null,Beverages,16,499.13,7986.08
ORD1369,03-12-25,Ravi Sharma,Stationery,4,279.62,1118.48
ORD8708,2025-01-09,null patel,Stationery,16,33.81,540.96
ORD6702,11/10/2024,Nina Brown,Stationery,1,250.1,250.1
ORD1487,05-07-24,Chris null,Food,17,61.97,1053.49
ORD5154,09/06/2024,Nina Lee,Clothing,12,489.48,5873.76
ORD3602,05-29-25,Sara Patel,Clothing,4,277.13,1108.52
ORD8547,2024-01-23,priya johnson,Furniture,15,127.64,1914.6
ORD7324,29/12/2025,null null,Stationery,11,407.92,4487.12
ORD3459,"Jul 28, 2025",null Patel,Clothing,8,327.08,2616.64
ORD7758,23/12/2024,Sara Smith,Stationery,17,218.32,3711.44
ORD9440,11-30-24,Priya Sharma,Furnitures,10,49.94,499.4
ORD4571,12-17-25,michael johnson,Clothing,13,445.79,5795.27
ORD7226,07/11/2024,null Lee,Food,7,311.95,2183.65
ORD8533,03-03-24,John Kumar,Beverages,1,404.49,404.49
,12-28-24,Amit Lee,clothing,7,86.01,602.07
ORD1737,26/01/2024,Michael Lee,Electronics,18,40.96,737.28
ORD9026,01-20-24,John Brown,Electronics,16,94.69,1515.04
ORD5803,01-13-24,null Brown,Beverages,10,214.32,2143.2
ORD1532,2025-08-07,Priya Patel,Furniture,15,416.32,6244.8
ORD6341,2025-01-25,Michael Lee,Food,19,241.3,4584.7
ORD9773,12/01/2024,Amit Kumar,Stationery,13,152.92,1987.96
ORD3172,08-17-25,Michael Patel,Stationery,NA,156.13,
ORD3336,09-29-24,Nina Brown,Beverages,2,45.03,90.06
ORD7756,12-02-24,Nina Patel,Electronics,16,286.9,4590.4
ORD9010,11-26-25,Amit Smith,furniture,13,16.29,211.77
ORD5796,2025-09-10,Priya Smith,Clothing,14,331.79,4645.06
ORD4562,2025-09-17,Sneha Johnson,Beverages,15,237.42,3561.3
ORD4711,"Jun 03, 2024",Nina Sharma,Clothing,14,355.69,4979.66
ORD6992,09-12-25,Amit Brown,stationery,11,456.77,5024.47
ORD1551,08/05/2024,Sara Johnson,food,20,355.76,7115.2
ORD8332,16/10/2024,Sara Johnson,Stationery,19,302.38,5745.22
ORD6072,03-08-24,Nina Sharma,Food,17,431.24,7331.08
ORD1740,09/03/2025,Priya Lee,stationery,19,474.17,9009.23
ORD9109,09-30-24,Nina Johnson,Stationery,8,447.23,3577.84
ORD6778,17/05/2024,Nina Kumar,Clothing,6,66.79,400.74
ORD5021,"Jul 28, 2024",Chris null,,10,449.82,4498.2
ORD5370,07-12-25,Nina Brown,Furnitures,14,490.09,6861.26
ORD9660,"Dec 31, 2024",Sneha Smith,Stationery,12,59.02,708.24
ORD2089,30/10/2025,null Lee,Clothing,20,101.92,2038.4
ORD3935,01-31-24,Michael Kumar,Food,6,197.28,1183.68
ORD6205,11-28-25,Sara Sharma,Food,10,159.03,1590.3
ORD4789,04-27-24,John Patel,Furniture,16,258.53,4136.48
ORD5519,"Jun 10, 2025",Sara Johnson,Food,11,179.17,1970.87
ORD7212,2024-08-13,,Food,12,192.99,2315.88
ORD6231,02-03-24,Priya Johnson,Food,2,177.78,355.56
ORD3949,2024-06-11,null Sharma,Food,20,189.82,3796.4
ORD5166,2025-07-23,null kumar,Beverages,3,427.94,1283.82
ORD8871,08/10/2024,Sneha Lee,Stationery,13,87.21,1133.73
ORD8288,2024-10-12,Sara Kumar,Beverages,1,484.79,484.79
ORD6866,2025-01-06,Chris Kumar,Food,13,443.44,8647.08
ORD2175,08-06-25,Sara Patel,Beverages,3,202.53,607.59
ORD5481,"Feb 22, 2025",Nina Kumar,,16,91.8,1468.8
ORD3603,"Dec 02, 2024",Michael Brown,Furniture,4,494.8,1979.2
ORD3237,01-27-24,null Patel,Clothing,5,474.47,2372.35
ORD5191,2024-06-16,Priya null,Beverages,3,436.22,1308.66
ORD8988,09-05-25,Ravi Patel,Clothing,10,303.81,3038.1
ORD8776,17/11/2025,Amit Brown,Furnitures,9,433.82,3904.38
ORD4810,2024-11-26,Amit Lee,Beverages,,408.51,null
ORD6224,21/06/2024,Amit Brown,Beverages,4,205.07,820.28
ORD2982,,Sara Patel,Beverages,18,311.54,5607.72
ORD5113,15/03/2024,Priya Johnson,Furniture,16,457.16,7314.56
ORD3518,03/03/2025,Ravi null,Food,8,292.28,2338.24
ORD2513,2024-02-15,Amit Johnson,Beverages,8,169.11,1352.88
ORD1598,30/12/2024,Nina Brown,Clothing,12,219.35,2632.2
ORD5192,"Mar 05, 2024",,Clothing,1,476.05,476.05
ORD9180,03/09/2024,,Stationery,6,410.12,2460.72
ORD4658,2024-09-18,John Johnson,Food,8,272.21,2177.68
ORD5852,09-14-25,Michael Brown,Clothing,8,210.72,1685.76
ORD1930,"Sep 13, 2024",null Brown,Clothing,17,406.53,6911.01
ORD8272,"May 13, 2025",Ravi Sharma,Clothing,11,203.13,2234.43
ORD5624,06-02-24,Ravi Johnson,Electronics,18,390.42,7027.56
ORD6357,"May 31, 2025",Michael Brown,Beverages,19,377.28,7168.32
NA,2025-04-01,Sneha Smith,Clothing,11,443.33,4876.63
ORD4211,08/06/2025,John Patel,Stationery,8,497.43,3979.44
ORD3423,"Jul 04, 2024",Sara Patel,Beverages,1,411.64,411.64
ORD3892,2024-09-18,Sneha Patel,Food,2,228.77,457.54
ORD7657,08/12/2024,,Beverages,16,366.58,5865.28
ORD9737,2024-03-09,Ravi Patel,Clothing,16,489.34,7829.44
ORD4276,03-12-25,Priya Lee,Electronics,15,268.63,4029.45
ORD3588,2025-05-21,Michael null,Furniture,18,314.02,5652.36
ORD8766,12-06-25,null Smith,Beverages,20,376.36,7527.2
ORD9910,"Feb 09, 2024",Priya Kumar,Beverages,2,424.76,849.52
ORD7833,13/02/2025,Nina Sharma,Food,8,,null
ORD9992,09-14-25,Ravi null,Stationery,11,148.18,1629.98
ORD1967,NA,Sara null,Beverages,8,104.45,835.6
ORD7605,2024-06-27,John Johnson,Stationery,7,313.56,2194.92
ORD6668,"Jul 02, 2024",Michael Smith,Food,1,159.51,159.51
ORD9841,01/04/2024,Michael Sharma,Furniture,2,224.84,449.68
ORD4673,"Jan 22, 2024",Sara Kumar,Clothing,2,98.02,196.04
ORD4277,2024-12-20,John null,Clothing,7,451.74,3162.18
ORD5445,2025-03-31,null null,Clothing,2,7.28,14.56
ORD8636,"Aug 19, 2024",Michael null,Stationery,16,,null
ORD2518,"Feb 08, 2024",Nina Sharma,Stationery,5,372.73,1863.65
ORD9500,2025-09-07,Chris null,Furniture,4,457.46,1829.84
ORD6768,04-24-25,Nina Sharma,Electronicss,18,277.56,4996.08
ORD1126,,John Patel,Electronics,3,470.52,1411.56
ORD5995,,Michael Sharma,Electronicss,2,174.09,348.18
ORD8533,"Feb 05, 2024",null Kumar,Stationery,15,99.83,1497.45
ORD2013,2025-05-15,Sneha Smith,Clothing,2,250.05,500.1
ORD8609,03-23-25,null null,Electronics,5,69.63,348.15
ORD9203,05-05-24,Sneha Lee,Electronics,18,389.6,10519.2
ORD4970,2024-05-28,Sneha null,Clothing,19,27.96,531.24
NA,"Dec 15, 2025",priya patel,Electronics,14,100.8,1411.2
ORD6039,09-22-25,Sneha Patel,Furniture,15,400.76,6011.4
ORD8809,2025-05-11,Priya null,Clothing,13,,
ORD6005,2024-07-28,Sara Brown,Electronics,17,189.24,3217.08
ORD5051,2024-10-19,Ravi Kumar,Clothing,1,191.06,191.06
ORD3672,"Jun 29, 2024",Nina Brown,Stationery,15,201.81,3027.15
ORD9127,"Mar 09, 2025",Amit Kumar,electronics,4,116.8,467.2
ORD7939,03-15-24,Chris Johnson,Beverages,,267.58,
ORD8415,03-13-24,John Johnson,Beverages,20,61.31,1226.2
ORD9110,"Jun 15, 2025",Michael Lee,Electronics,13,341.13,4434.69
ORD8003,"Feb 21, 2024",Sara null,Stationery,3,37.32,111.96
ORD8300,04/12/2024,Ravi Kumar,Stationery,7,28.14,98.49
ORD1486,12/11/2025,Michael Johnson,Clothing,1,85.89,85.89
ORD2082,01-26-24,Amit Johnson,Beverages,5,488.22,2441.1
ORD8816,"Jan 29, 2025",Nina Sharma,Electronics,1,410.48,410.48
ORD3982,"Jul 14, 2024",Nina null,Furniture,14,401.93,5627.02
ORD1087,2025-08-13,Amit Sharma,Furnitures,17,396.09,6733.53
ORD9216,05-31-24,Sara Lee,Food,20,145.13,1451.3
ORD7454,07/10/2025,Michael Johnson,Food,16,,null
ORD1895,18/08/2024,Sara Patel,Clothing,9,461.05,4149.45
ORD6411,01/04/2025,Amit null,Beveragess,19,169.32,3217.08
ORD7790,04-01-25,Ravi null,Electronics,2,228.94,457.88
ORD8423,06-30-25,John Smith,Electronics,14,279.94,3919.16
ORD7043,2025-11-15,Priya Lee,Food,7,362.45,2537.15
ORD2547,"Mar 04, 2025",Sneha null,Stationery,16,432.61,6921.76
ORD8557,01/10/2025,Amit Patel,Stationery,10,240.2,3603.0
,"Jan 06, 2024",Chris Brown,Stationery,14,220.36,3085.04
ORD6497,06-28-25,John Kumar,Electronics,12,157.86,1894.32
ORD3574,04-30-25,Nina Johnson,stationery,18,55.69,1002.42
ORD2631,26/02/2025,Sara Lee,Electronics,15,142.4,2136.0
ORD5001,2024-02-19,Nina Sharma,stationery,11,345.08,1897.94
ORD2338,03/01/2024,John Sharma,Electronics,17,143.87,2445.79
ORD7581,2025-03-16,Sneha Brown,foods,7,158.1,1106.7
ORD6529,03-24-24,Priya null,Stationery,15,32.99,494.85
ORD8691,2024-02-12,Amit Johnson,Furniture,1,430.7,430.7
ORD2231,NA,Sara Smith,Clothing,20,118.04,2360.8
ORD3274,2025-06-05,Chris Johnson,Electronics,6,493.87,2963.22
ORD1612,"Apr 14, 2025",Nina Patel,Beverages,2,57.25,114.5
ORD9983,2025-04-27,Amit null,Food,1,238.81,238.81
ORD2276,NA,Ravi Kumar,Furniture,8,fifty,
ORD3726,07/08/2024,Amit Sharma,Food,8,141.54,1132.32
ORD1820,01-12-25,Sneha Brown,,6,N/A,
ORD4781,2024-02-03,Priya Sharma,Stationery,20,255.84,2558.4
ORD7880,12-19-24,Amit Sharma,Clothing,17,36.96,628.32
ORD9144,2025-12-05,Nina Patel,Food,17,247.96,4215.32
ORD2586,02-14-24,Michael Smith,Electronics,17,384.81,6541.77
ORD4210,23/03/2024,Chris Brown,Food,17,337.87,5743.79
ORD3646,2024-09-22,Ravi Sharma,Clothing,14,271.12,3795.68
ORD3355,"Mar 06, 2025",Ravi Lee,Stationery,16,404.54,3236.32
ORD6575,"Dec 09, 2024",Sara Kumar,Clothing,8,289.25,2314.0
ORD8172,"Jan 07, 2024",Amit Johnson,Food,2,152.89,305.78
ORD4805,12-10-24,Amit null,Electronics,7,41.11,287.77
ORD7124,,null Lee,Stationery,8,,
ORD1415,29/01/2024,Sneha Sharma,Food,15,431.5,6472.5
ORD4083,2024-11-10,Ravi Kumar,Electronics,11,385.33,6357.94
ORD3145,18/09/2024,Nina Brown,Clothing,16,453.63,7258.08
ORD7235,11/04/2024,null Smith,Beverages,13,439.77,5717.01
ORD5410,"Oct 10, 2025",Michael Johnson,Clothing,12,248.21,2978.52
ORD2136,06/09/2024,Sara null,Clothing,16,148.39,2374.24
ORD4213,27/03/2024,Nina Brown,beverages,1,459.0,459.0
ORD7993,05-30-24,Sara Lee,Clothing,14,449.59,3147.13
ORD6380,2025-08-11,Nina Kumar,Furniture,20,21.75,435.0
ORD4201,09/05/2025,Amit Lee,Food,NA,471.58,
ORD1067,10-01-24,Chris Lee,Stationery,8,329.86,2638.88
ORD4725,05-31-25,Nina Kumar,Furniture,17,69.14,1175.38
ORD7857,26/02/2024,,Electronics,5,151.63,758.15
ORD4667,17/10/2025,null null,Food,8,372.57,2980.56
ORD3612,"Jun 23, 2024",Nina Smith,Clothing,13,427.65,5559.45
ORD9905,04/04/2025,Chris Kumar,Food,8,476.23,3809.84
ORD6123,08-23-25,Chris Lee,Furniture,7,349.59,2447.13
ORD8645,"Jul 06, 2024",Priya Smith,Clothing,4,139.33,557.32
ORD2166,,Sara null,Stationery,6,55.59,333.54
ORD3222,NA,Sneha Johnson,Beverages,13,351.4,4568.2
ORD5695,2025-10-18,Chris Smith,Beverages,15,154.55,2318.25
,02-04-25,John Patel,Stationery,11,192.67,2119.37
ORD3535,08/12/2024,null Patel,Stationery,2,385.75,771.5
ORD3542,"Oct 23, 2025",Sneha Kumar,clothing,8,196.97,1575.76
ORD8795,28/04/2025,Nina Kumar,Beverages,10,155.08,1550.8
ORD9740,2024-11-03,Sneha Patel,Clothing,8,47.27,378.16
ORD7749,03/08/2025,Sneha Lee,Beverages,9,494.71,4452.39
ORD8396,04-05-25,John Kumar,Stationery,4,405.26,1621.04
ORD5065,"Jun 06, 2025",Ravi Johnson,Electronics,,186.05,
ORD1467,07-24-25,Priya Johnson,Furniture,18,169.61,3052.98
ORD3788,02/03/2025,nina brown,Beverages,13,278.77,3624.01
ORD4729,"Sep 16, 2025",Sneha Lee,Beverages,18,359.87,6477.66
ORD7165,2025-07-08,Nina Kumar,Stationery,13,397.33,5165.29
ORD5444,23/02/2025,Amit Sharma,Furniture,4,5.33,31.98
ORD5775,,John Johnson,Clothing,4,396.9,1587.6
ORD4605,"Oct 02, 2024",Ravi Johnson,Electronics,20,177.42,5322.6
NA,2024-09-09,Nina Smith,Electronics,5,366.22,1831.1
ORD2867,"Apr 27, 2025",Chris Brown,Clothing,9,102.9,926.1
ORD8023,12-26-24,John Patel,Electronics,,338.69,
ORD2818,08-31-25,John Sharma,Furniture,19,334.77,9540.94
ORD7612,"Aug 16, 2025",John Smith,Food,19,118.31,2247.89
ORD1399,12/07/2024,Chris Lee,Beverages,1,122.9,122.9
ORD9210,13/09/2024,Sneha Sharma,Beverages,4,49.66,198.64
ORD6263,2025-07-11,Ravi Patel,Beverages,6,481.12,2886.72
ORD5956,07-05-25,John Patel,Electronics,20,310.02,6200.4
ORD4730,"Mar 14, 2024",Amit Patel,Clothing,19,258.03,4902.57
ORD8870,"Sep 06, 2024",Amit Patel,Stationery,11,479.12,5270.32
ORD6749,"Jan 16, 2025",Ravi Kumar,Beverages,20,267.48,5349.6
ORD6860,01/07/2024,Ravi null,furniture,16,65.38,1046.08
ORD5843,14/08/2024,Chris Smith,Clothing,6,476.89,4292.01
,,Chris Brown,Furniture,11,134.04,1474.44
ORD7669,12-10-25,Nina Brown,Stationery,18,122.61,2206.98
ORD3347,19/09/2025,Amit Sharma,Stationery,19,411.72,7822.68
ORD7338,"May 27, 2025",Chris Patel,Furniture,4,262.11,1048.44
ORD5849,06-02-25,Sneha Patel,Clothing,5,153.84,769.2
ORD1547,27/12/2025,michael smith,Food,15,228.49,3427.35
ORD2239,2024-12-22,Michael Patel,Stationery,4,422.92,1691.68
ORD6125,11-13-25,Priya null,Beverages,11,236.68,2603.48
ORD9263,04-12-25,John Sharma,Stationery,4,459.81,1839.24
ORD4667,17/10/2025,null null,Food,8,372.57,2980.56
ORD9740,2024-11-03,Sneha Patel,Clothing,8,47.27,378.16
ORD5183,"Sep 05, 2024",Sara Kumar,Food,11,471.15,5182.65
ORD7338,"May 27, 2025",Chris Patel,Furniture,4,262.11,1048.44
ORD4168,05-26-25,Priya Sharma,Electronics,19,56.79,1618.51
ORD7922,03/12/2024,Michael Smith,Electronics,3,412.28,1236.84
ORD8870,"Sep 06, 2024",Amit Patel,Stationery,11,479.12,5270.32
ORD9773,12/01/2024,Amit Kumar,Stationery,13,152.92,1987.96
ORD8474,2025-04-08,null Johnson,Food,5,73.54,367.7
ORD4681,2025-03-15,Chris Sharma,Electronics,9,133.95,1205.55
